Kade,Walter,Kadwalt,Kadwalt,AdministratorBrady,Smith,Bsmith,Bsmith,ResearcherDipak,Subramaniam,Dsubra,Dsubra,StudentJustin,Feldmann,Jfeld,Jfeld,ResearcherGary,Mayer,Gmayer,Gmayer,AdministratorMichael,Scott,Mscott,Mscott,AdministratorDwight,Schrute,Dschru,Dschru,ResearcherJim,Halpert,Jhalp,Jhalp,StudentPam,Beasley,Pbea,Pbea,StudentKevin,Malone,Kmalo,Kmalo,ResearcherToby,Flenderson,Tflend,Tflend,StudentStanley,Hudson,Shuds,Shuds,AdministratorPhyllis,Vance,Pvance,Pvance,StudentAngela,Martin,Amart,Amart,AdministratorKelly,Kapoor,Kkap,Kkap,ResearcherRyan,Howard,Rhow,Rhow,AdministratorMeredith,Palmer,Mpalm,Mpalm,ResearcherCreed,Bratton,Cbrat,Cbrat,StudentOscar,Martinez,Omart,Omart,Administrator
